Position,Name + ID,Name,ID,Roster Position,Salary,Game Info,TeamAbbrev,AvgPointsPerGame
PF/C,Anthony Davis (11656063),Anthony Davis,11656063,PF/C/F/UTIL,11600,SA@NO 11/19/2018 08:00PM ET,NO,59.48
SF/PF,Giannis Antetokounmpo (11656067),Giannis Antetokounmpo,11656067,SF/PF/F/UTIL,11300,DEN@MIL 11/19/2018 08:00PM ET,MIL,54.54
C,Joel Embiid (11656071),Joel Embiid,11656071,C/UTIL,11100,PHO@PHI 11/19/2018 07:00PM ET,PHI,55.31
SF/PF,Paul George (11656073),Paul George,11656073,SF/PF/F/UTIL,10400,OKC@SAC 11/19/2018 10:00PM ET,OKC,47.55
PG,Russell Westbrook (11656077),Russell Westbrook,11656077,PG/G/UTIL,10200,OKC@SAC 11/19/2018 10:00PM ET,OKC,51.29
PF/C,Blake Griffin (11656080),Blake Griffin,11656080,PF/C/F/UTIL,10100,CLE@DET 11/19/2018 07:00PM ET,DET,47.92
PG,Kemba Walker (11656084),Kemba Walker,11656084,PG/G/UTIL,9900,BOS@CHA 11/19/2018 07:00PM ET,CHA,47.12
C,Andre Drummond (11656087),Andre Drummond,11656087,C/UTIL,9700,CLE@DET 11/19/2018 07:00PM ET,DET,46.75
C,Nikola Jokic (11656089),Nikola Jokic,11656089,C/UTIL,9500,DEN@MIL 11/19/2018 08:00PM ET,DEN,45.83
PG/SG,Victor Oladipo (11656091),Victor Oladipo,11656091,PG/SG/G/UTIL,9300,UTA@IND 11/19/2018 07:00PM ET,IND,41.31
SG/SF,DeMar DeRozan (11656095),DeMar DeRozan,11656095,SG/SF/F/G/UTIL,9100,SA@NO 11/19/2018 08:00PM ET,SA,44.73
PG/SF,Ben Simmons (11656100),Ben Simmons,11656100,PG/SF/F/G/UTIL,8900,PHO@PHI 11/19/2018 07:00PM ET,PHI,41.63
PG/SG,Jrue Holiday (11656105),Jrue Holiday,11656105,PG/SG/G/UTIL,8700,SA@NO 11/19/2018 08:00PM ET,NO,42.94
PG,Kyrie Irving (11656109),Kyrie Irving,11656109,PG/G/UTIL,8400,BOS@CHA 11/19/2018 07:00PM ET,BOS,41.38
PF/C,Kevin Love (11656112),Kevin Love,11656112,PF/C/F/UTIL,8200,CLE@DET 11/19/2018 07:00PM ET,CLE,42.88
PG/SG,Dennis Schroder (11656116),Dennis Schroder,11656116,PG/SG/G/UTIL,8100,OKC@SAC 11/19/2018 10:00PM ET,OKC,33.47
PF/C,LaMarcus Aldridge (11656120),LaMarcus Aldridge,11656120,PF/C/F/UTIL,8000,SA@NO 11/19/2018 08:00PM ET,SA,38.83
SG/SF,Jimmy Butler (11656124),Jimmy Butler,11656124,SG/SF/F/G/UTIL,7900,PHO@PHI 11/19/2018 07:00PM ET,PHI,39.23
SF/PF,Tobias Harris (11656129),Tobias Harris,11656129,SF/PF/F/UTIL,7800,LAC@ATL 11/19/2018 07:30PM ET,LAC,37.82
PG/SG,Devin Booker (11656133),Devin Booker,11656133,PG/SG/G/UTIL,7700,PHO@PHI 11/19/2018 07:00PM ET,PHO,39.88
C,Marc Gasol (11656137),Marc Gasol,11656137,C/UTIL,7600,DAL@MEM 11/19/2018 08:00PM ET,MEM,40.22
C,Steven Adams (11656139),Steven Adams,11656139,C/UTIL,7500,OKC@SAC 11/19/2018 10:00PM ET,OKC,36.16
SG/SF,Khris Middleton (11656141),Khris Middleton,11656141,SG/SF/F/G/UTIL,7400,DEN@MIL 11/19/2018 08:00PM ET,MIL,36.3
PG/SG,Donovan Mitchell (11656146),Donovan Mitchell,11656146,PG/SG/G/UTIL,7300,UTA@IND 11/19/2018 07:00PM ET,UTA,35.5
PG,Mike Conley (11656150),Mike Conley,11656150,PG/G/UTIL,7200,DAL@MEM 11/19/2018 08:00PM ET,MEM,34.23
SF/PF,Nikola Mirotic (11656153),Nikola Mirotic,11656153,SF/PF/F/UTIL,7100,SA@NO 11/19/2018 08:00PM ET,NO,40.23
C,Rudy Gobert (11656157),Rudy Gobert,11656157,C/UTIL,7000,UTA@IND 11/19/2018 07:00PM ET,UTA,40.33
PG/SG,Eric Bledsoe (11656159),Eric Bledsoe,11656159,PG/SG/G/UTIL,6900,DEN@MIL 11/19/2018 08:00PM ET,MIL,33.15
PF/C,Julius Randle (11656163),Julius Randle,11656163,PF/C/F/UTIL,6800,SA@NO 11/19/2018 08:00PM ET,NO,33.23
PG/SG,Jamal Murray (11656167),Jamal Murray,11656167,PG/SG/G/UTIL,6700,DEN@MIL 11/19/2018 08:00PM ET,DEN,30.45
PG,Luka Doncic (11656171),Luka Doncic,11656171,PG/G/UTIL,6600,DAL@MEM 11/19/2018 08:00PM ET,DAL,35.52
PF/C,Montrezl Harrell (11656174),Montrezl Harrell,11656174,PF/C/F/UTIL,6600,LAC@ATL 11/19/2018 07:30PM ET,LAC,29.98
C,Deandre Ayton (11656178),Deandre Ayton,11656178,C/UTIL,6500,PHO@PHI 11/19/2018 07:00PM ET,PHO,36.12
C,DeAndre Jordan (11656188),DeAndre Jordan,11656188,C/UTIL,6400,DAL@MEM 11/19/2018 08:00PM ET,DAL,34.07
SF/PF,T.J. Warren (11656180),T.J. Warren,11656180,SF/PF/F/UTIL,6400,PHO@PHI 11/19/2018 07:00PM ET,PHO,28.48
PF/C,Domantas Sabonis (11656184),Domantas Sabonis,11656184,PF/C/F/UTIL,6300,UTA@IND 11/19/2018 07:00PM ET,IND,31.68
PG,Trae Young (11656190),Trae Young,11656190,PG/G/UTIL,6300,LAC@ATL 11/19/2018 07:30PM ET,ATL,32.83
PG/SG,Lou Williams (11656196),Lou Williams,11656196,PG/SG/G/UTIL,6200,LAC@ATL 11/19/2018 07:30PM ET,LAC,29.4
SF/PF,Danilo Gallinari (11656200),Danilo Gallinari,11656200,SF/PF/F/UTIL,6200,LAC@ATL 11/19/2018 07:30PM ET,LAC,31.3
SG,Gary Harris (11656204),Gary Harris,11656204,SG/G/UTIL,6100,DEN@MIL 11/19/2018 08:00PM ET,DEN,30.28
PF/C,Paul Millsap (11656211),Paul Millsap,11656211,PF/C/F/UTIL,6100,DEN@MIL 11/19/2018 08:00PM ET,DEN,28.39
PG,De'Aaron Fox (11656193),De'Aaron Fox,11656193,PG/G/UTIL,6100,OKC@SAC 11/19/2018 10:00PM ET,SAC,37.92
PF/C,Al Horford (11656207),Al Horford,11656207,PF/C/F/UTIL,6000,BOS@CHA 11/19/2018 07:00PM ET,BOS,29.48
SF/PF,Jayson Tatum (11656215),Jayson Tatum,11656215,SF/PF/F/UTIL,6000,BOS@CHA 11/19/2018 07:00PM ET,BOS,30.64
SG/SF,Gordon Hayward (11656225),Gordon Hayward,11656225,SG/SF/F/G/UTIL,5900,BOS@CHA 11/19/2018 07:00PM ET,BOS,24.15
PF,Jaren Jackson Jr. (11656219),Jaren Jackson Jr.,11656219,PF/F/UTIL,5800,DAL@MEM 11/19/2018 08:00PM ET,MEM,26.07
SF,Taurean Prince (11656222),Taurean Prince,11656222,SF/F/UTIL,5800,LAC@ATL 11/19/2018 07:30PM ET,ATL,28.81
C,Willie Cauley-Stein (11656239),Willie Cauley-Stein,11656239,C/UTIL,5800,OKC@SAC 11/19/2018 10:00PM ET,SAC,32.14
PG,Ricky Rubio (11656246),Ricky Rubio,11656246,PG/G/UTIL,5700,UTA@IND 11/19/2018 07:00PM ET,UTA,28.36
PF/C,Larry Nance Jr. (11656230),Larry Nance Jr.,11656230,PF/C/F/UTIL,5700,CLE@DET 11/19/2018 07:00PM ET,CLE,23.31
SG/SF,Kent Bazemore (11656234),Kent Bazemore,11656234,SG/SF/F/G/UTIL,5700,LAC@ATL 11/19/2018 07:30PM ET,ATL,27.75
PG,Elfrid Payton (11656264),Elfrid Payton,11656264,PG/G/UTIL,5600,SA@NO 11/19/2018 08:00PM ET,NO,26.12
SG/SF,Buddy Hield (11656241),Buddy Hield,11656241,SG/SF/F/G/UTIL,5600,OKC@SAC 11/19/2018 10:00PM ET,SAC,32.36
SG/SF,Will Barton (11656251),Will Barton,11656251,SG/SF/F/G/UTIL,5500,DEN@MIL 11/19/2018 08:00PM ET,DEN,30.75
SF/PF,Harrison Barnes (11656256),Harrison Barnes,11656256,SF/PF/F/UTIL,5500,DAL@MEM 11/19/2018 08:00PM ET,DAL,27.09
C,Tristan Thompson (11656249),Tristan Thompson,11656249,C/UTIL,5500,CLE@DET 11/19/2018 07:00PM ET,CLE,28.84
PG/SG,Reggie Jackson (11656260),Reggie Jackson,11656260,PG/SG/G/UTIL,5500,CLE@DET 11/19/2018 07:00PM ET,DET,25.75
SG/SF,Joe Ingles (11656272),Joe Ingles,11656272,SG/SF/F/G/UTIL,5400,UTA@IND 11/19/2018 07:00PM ET,UTA,28.38
PG,Shai Gilgeous-Alexander (11656281),Shai Gilgeous-Alexander,11656281,PG/G/UTIL,5300,LAC@ATL 11/19/2018 07:30PM ET,LAC,20.5
SF/PF,Rudy Gay (11656277),Rudy Gay,11656277,SF/PF/F/UTIL,5300,SA@NO 11/19/2018 08:00PM ET,SA,29.66
SG/SF,JJ Redick (11656267),JJ Redick,11656267,SG/SF/F/G/UTIL,5300,PHO@PHI 11/19/2018 07:00PM ET,PHI,27.57
C,Brook Lopez (11656284),Brook Lopez,11656284,C/UTIL,5200,DEN@MIL 11/19/2018 08:00PM ET,MIL,23.72
SF/PF,Marcus Morris (11656286),Marcus Morris,11656286,SF/PF/F/UTIL,5200,BOS@CHA 11/19/2018 07:00PM ET,BOS,25.25
PG/SG,Jordan Clarkson (11656290),Jordan Clarkson,11656290,PG/SG/G/UTIL,5200,CLE@DET 11/19/2018 07:00PM ET,CLE,23.57
SG/SF,Jeremy Lamb (11656302),Jeremy Lamb,11656302,SG/SF/F/G/UTIL,5100,BOS@CHA 11/19/2018 07:00PM ET,CHA,25.97
PG,Collin Sexton (11656294),Collin Sexton,11656294,PG/G/UTIL,5100,CLE@DET 11/19/2018 07:00PM ET,CLE,19.91
PG,Dennis Smith Jr. (11656307),Dennis Smith Jr.,11656307,PG/G/UTIL,5000,DAL@MEM 11/19/2018 08:00PM ET,DAL,25.96
SG/SF,E'Twaun Moore (11656297),E'Twaun Moore,11656297,SG/SF/F/G/UTIL,5000,SA@NO 11/19/2018 08:00PM ET,NO,23.83
PG,Darren Collison (11656310),Darren Collison,11656310,PG/G/UTIL,4900,UTA@IND 11/19/2018 07:00PM ET,IND,20.81
SG/SF,Nicolas Batum (11656313),Nicolas Batum,11656313,SG/SF/F/G/UTIL,4900,BOS@CHA 11/19/2018 07:00PM ET,CHA,25.1
SG/SF,Wesley Matthews (11656318),Wesley Matthews,11656318,SG/SF/F/G/UTIL,4900,DAL@MEM 11/19/2018 08:00PM ET,DAL,25.92
PG/SG,Patrick Beverley (11656323),Patrick Beverley,11656323,PG/SG/G/UTIL,4900,LAC@ATL 11/19/2018 07:30PM ET,LAC,21.33
SF/PF,Jerami Grant (11656327),Jerami Grant,11656327,SF/PF/F/UTIL,4900,OKC@SAC 11/19/2018 10:00PM ET,OKC,24.12
SF/PF,Juancho Hernangomez (11656335),Juancho Hernangomez,11656335,SF/PF/F/UTIL,4800,DEN@MIL 11/19/2018 08:00PM ET,DEN,18.32
C,John Collins (11656339),John Collins,11656339,C/UTIL,4800,LAC@ATL 11/19/2018 07:30PM ET,ATL,15
PG/SG,Malcolm Brogdon (11656331),Malcolm Brogdon,11656331,PG/SG/G/UTIL,4700,DEN@MIL 11/19/2018 08:00PM ET,MIL,25.1
C,Myles Turner (11656350),Myles Turner,11656350,C/UTIL,4700,UTA@IND 11/19/2018 07:00PM ET,IND,24.83
SG/SF,Bojan Bogdanovic (11656341),Bojan Bogdanovic,11656341,SG/SF/F/G/UTIL,4600,UTA@IND 11/19/2018 07:00PM ET,IND,23.09
PF/C,Derrick Favors (11656346),Derrick Favors,11656346,PF/C/F/UTIL,4600,UTA@IND 11/19/2018 07:00PM ET,UTA,25.03
PG/SF,Kyle Anderson (11656352),Kyle Anderson,11656352,PG/SF/F/G/UTIL,4600,DAL@MEM 11/19/2018 08:00PM ET,MEM,20.75
SF,Cedi Osman (11656364),Cedi Osman,11656364,SF/F/UTIL,4500,CLE@DET 11/19/2018 07:00PM ET,CLE,22.52
SG/SF,Rodney Hood (11656375),Rodney Hood,11656375,SG/SF/F/G/UTIL,4500,CLE@DET 11/19/2018 07:00PM ET,CLE,21.27
SF/PF,Trevor Ariza (11656367),Trevor Ariza,11656367,SF/PF/F/UTIL,4500,PHO@PHI 11/19/2018 07:00PM ET,PHO,24.69
SF/PF,Nemanja Bjelica (11656371),Nemanja Bjelica,11656371,SF/PF/F/UTIL,4500,OKC@SAC 11/19/2018 10:00PM ET,SAC,25.86
PG/SG,J.J. Barea (11656360),J.J. Barea,11656360,PG/SG/G/UTIL,4400,DAL@MEM 11/19/2018 08:00PM ET,DAL,22.12
SF/PF,Sam Dekker (11656380),Sam Dekker,11656380,SF/PF/F/UTIL,4400,CLE@DET 11/19/2018 07:00PM ET,CLE,14.86
PG,Isaiah Thomas (11656357),Isaiah Thomas,11656357,PG/G/UTIL,4300,DEN@MIL 11/19/2018 08:00PM ET,DEN,0
SG/SF,Garrett Temple (11656384),Garrett Temple,11656384,SG/SF/F/G/UTIL,4300,DAL@MEM 11/19/2018 08:00PM ET,MEM,21.43
PF/C,Dirk Nowitzki (11656389),Dirk Nowitzki,11656389,PF/C/F/UTIL,4300,DAL@MEM 11/19/2018 08:00PM ET,DAL,0
PG,Derrick White (11656415),Derrick White,11656415,PG/G/UTIL,4300,SA@NO 11/19/2018 08:00PM ET,SA,15.92
SF/PF,Jae Crowder (11656396),Jae Crowder,11656396,SF/PF/F/UTIL,4200,UTA@IND 11/19/2018 07:00PM ET,UTA,23.95
SF,Miles Bridges (11656400),Miles Bridges,11656400,SF/F/UTIL,4200,BOS@CHA 11/19/2018 07:00PM ET,CHA,16.59
SG/SF,Jaylen Brown (11656403),Jaylen Brown,11656403,SG/SF/F/G/UTIL,4200,BOS@CHA 11/19/2018 07:00PM ET,BOS,19.97
PG,Shelvin Mack (11656408),Shelvin Mack,11656408,PG/G/UTIL,4200,DAL@MEM 11/19/2018 08:00PM ET,MEM,22.73
PG/SG,Jeremy Lin (11656411),Jeremy Lin,11656411,PG/SG/G/UTIL,4200,LAC@ATL 11/19/2018 07:30PM ET,ATL,18.69
C,Alex Len (11656423),Alex Len,11656423,C/UTIL,4200,LAC@ATL 11/19/2018 07:30PM ET,ATL,21.06
PG,Monte Morris (11656393),Monte Morris,11656393,PG/G/UTIL,4100,DEN@MIL 11/19/2018 08:00PM ET,DEN,20.06
SG/SF,Tyreke Evans (11656418),Tyreke Evans,11656418,SG/SF/F/G/UTIL,4100,UTA@IND 11/19/2018 07:00PM ET,IND,20.85
SF/PF,JaMychal Green (11656444),JaMychal Green,11656444,SF/PF/F/UTIL,4100,DAL@MEM 11/19/2018 08:00PM ET,MEM,22.5
PG/SG,Bryn Forbes (11656425),Bryn Forbes,11656425,PG/SG/G/UTIL,4100,SA@NO 11/19/2018 08:00PM ET,SA,20.55
SG/SF,Pat Connaughton (11656429),Pat Connaughton,11656429,SG/SF/F/G/UTIL,4000,DEN@MIL 11/19/2018 08:00PM ET,MIL,17.88
SF/PF,Trey Lyles (11656434),Trey Lyles,11656434,SF/PF/F/UTIL,4000,DEN@MIL 11/19/2018 08:00PM ET,DEN,21.17
SF/PF,Thaddeus Young (11656438),Thaddeus Young,11656438,SF/PF/F/UTIL,4000,UTA@IND 11/19/2018 07:00PM ET,IND,21.16
C,Cody Zeller (11656442),Cody Zeller,11656442,C/UTIL,4000,BOS@CHA 11/19/2018 07:00PM ET,CHA,21.15
SG/SF,Reggie Bullock (11656448),Reggie Bullock,11656448,SG/SF/F/G/UTIL,4000,CLE@DET 11/19/2018 07:00PM ET,DET,18.15
PG/SG,George Hill (11656453),George Hill,11656453,PG/SG/G/UTIL,4000,CLE@DET 11/19/2018 07:00PM ET,CLE,21.48
PF/C,Dewayne Dedmon (11656457),Dewayne Dedmon,11656457,PF/C/F/UTIL,4000,LAC@ATL 11/19/2018 07:30PM ET,ATL,20.72
C,Pau Gasol (11656461),Pau Gasol,11656461,C/UTIL,4000,SA@NO 11/19/2018 08:00PM ET,SA,21.64
SF,Mikal Bridges (11656463),Mikal Bridges,11656463,SF/F/UTIL,4000,PHO@PHI 11/19/2018 07:00PM ET,PHO,15.54
SG/SF,Bogdan Bogdanovic (11656466),Bogdan Bogdanovic,11656466,SG/SF/F/G/UTIL,4000,OKC@SAC 11/19/2018 10:00PM ET,SAC,20.3
PG,Cory Joseph (11656471),Cory Joseph,11656471,PG/G/UTIL,3900,UTA@IND 11/19/2018 07:00PM ET,IND,18.77
SF/PF,Marvin Williams (11656474),Marvin Williams,11656474,SF/PF/F/UTIL,3900,BOS@CHA 11/19/2018 07:00PM ET,CHA,17.95
PG/SG,Terry Rozier (11656478),Terry Rozier,11656478,PG/SG/G/UTIL,3900,BOS@CHA 11/19/2018 07:00PM ET,BOS,18.94
PG,Ish Smith (11656482),Ish Smith,11656482,PG/G/UTIL,3900,CLE@DET 11/19/2018 07:00PM ET,DET,19.85
PG/SG,Patty Mills (11656485),Patty Mills,11656485,PG/SG/G/UTIL,3900,SA@NO 11/19/2018 08:00PM ET,SA,19.87
PG,Isaiah Canaan (11656489),Isaiah Canaan,11656489,PG/G/UTIL,3900,PHO@PHI 11/19/2018 07:00PM ET,PHO,19.41
PF/C,Mike Muscala (11656510),Mike Muscala,11656510,PF/C/F/UTIL,3900,PHO@PHI 11/19/2018 07:00PM ET,PHI,16.60
PF,Marvin Bagley III (11656492),Marvin Bagley III,11656492,PF/F/UTIL,3900,OKC@SAC 11/19/2018 10:00PM ET,SAC,22.45
PG/SG,Langston Galloway (11656495),Langston Galloway,11656495,PG/SG/G/UTIL,3800,CLE@DET 11/19/2018 07:00PM ET,DET,16.58
SG/SF,J.R. Smith (11656499),J.R. Smith,11656499,SG/SF/F/G/UTIL,3800,CLE@DET 11/19/2018 07:00PM ET,CLE,15.45
PF,Omari Spellman (11656504),Omari Spellman,11656504,PF/F/UTIL,3800,LAC@ATL 11/19/2018 07:30PM ET,ATL,18.13
SF,DeAndre' Bembry (11656507),DeAndre' Bembry,11656507,SF/F/UTIL,3800,LAC@ATL 11/19/2018 07:30PM ET,ATL,20.58
SG,Malik Monk (11656514),Malik Monk,11656514,SG/G/UTIL,3700,BOS@CHA 11/19/2018 07:00PM ET,CHA,19.35
SF/PF,Michael Kidd-Gilchrist (11656517),Michael Kidd-Gilchrist,11656517,SF/PF/F/UTIL,3700,BOS@CHA 11/19/2018 07:00PM ET,CHA,21.06
PG,Tony Parker (11656529),Tony Parker,11656529,PG/G/UTIL,3700,BOS@CHA 11/19/2018 07:00PM ET,CHA,19.23
SF/PF,Stanley Johnson (11656521),Stanley Johnson,11656521,SF/PF/F/UTIL,3700,CLE@DET 11/19/2018 07:00PM ET,DET,18.38
C,Boban Marjanovic (11656539),Boban Marjanovic,11656539,C/UTIL,3700,LAC@ATL 11/19/2018 07:30PM ET,LAC,19.30
PF/C,Ersan Ilyasova (11656525),Ersan Ilyasova,11656525,PF/C/F/UTIL,3600,DEN@MIL 11/19/2018 08:00PM ET,MIL,19.18
PG/SG,Marcus Smart (11656532),Marcus Smart,11656532,PG/SG/G/UTIL,3600,BOS@CHA 11/19/2018 07:00PM ET,BOS,17.98
SF,Dorian Finney-Smith (11656536),Dorian Finney-Smith,11656536,SF/F/UTIL,3600,DAL@MEM 11/19/2018 08:00PM ET,DAL,18.72
SF/PF,Glenn Robinson III (11656541),Glenn Robinson III,11656541,SF/PF/F/UTIL,3500,CLE@DET 11/19/2018 07:00PM ET,DET,9.92
SG/SF,David Nwaba (11656545),David Nwaba,11656545,SG/SF/F/G/UTIL,3500,CLE@DET 11/19/2018 07:00PM ET,CLE,11
C,Marcin Gortat (11656550),Marcin Gortat,11656550,C/UTIL,3500,LAC@ATL 11/19/2018 07:30PM ET,LAC,15.56
SG,Avery Bradley (11656552),Avery Bradley,11656552,SG/G/UTIL,3500,LAC@ATL 11/19/2018 07:30PM ET,LAC,13.42
SG/SF,Marco Belinelli (11656555),Marco Belinelli,11656555,SG/SF/F/G/UTIL,3500,SA@NO 11/19/2018 08:00PM ET,SA,17.35
SF/PF,Wilson Chandler (11656560),Wilson Chandler,11656560,SF/PF/F/UTIL,3500,PHO@PHI 11/19/2018 07:00PM ET,PHI,11.96
SG/SF,Iman Shumpert (11656564),Iman Shumpert,11656564,SG/SF/F/G/UTIL,3500,OKC@SAC 11/19/2018 10:00PM ET,SAC,18.86
C,Guillermo Hernangomez (11656569),Guillermo Hernangomez,11656569,C/UTIL,3400,BOS@CHA 11/19/2018 07:00PM ET,CHA,16.73
PF/C,Dwight Powell (11656571),Dwight Powell,11656571,PF/C/F/UTIL,3400,DAL@MEM 11/19/2018 08:00PM ET,DAL,17.67
SF/PF,Mike Scott (11656575),Mike Scott,11656575,SF/PF/F/UTIL,3400,LAC@ATL 11/19/2018 07:30PM ET,LAC,11.65
SF/PF,Dante Cunningham (11656579),Dante Cunningham,11656579,SF/PF/F/UTIL,3400,SA@NO 11/19/2018 08:00PM ET,SA,13.35
SF/PF,Wesley Johnson (11656583),Wesley Johnson,11656583,SF/PF/F/UTIL,3400,SA@NO 11/19/2018 08:00PM ET,NO,13.52
SF,Josh Jackson (11656587),Josh Jackson,11656587,SF/F/UTIL,3400,PHO@PHI 11/19/2018 07:00PM ET,PHO,13.98
PG/SG,Markelle Fultz (11656590),Markelle Fultz,11656590,PG/SG/G/UTIL,3400,PHO@PHI 11/19/2018 07:00PM ET,PHI,20.12
C,Nerlens Noel (11656594),Nerlens Noel,11656594,C/UTIL,3400,OKC@SAC 11/19/2018 10:00PM ET,OKC,17.47
SG,Hamidou Diallo (11656596),Hamidou Diallo,11656596,SG/G/UTIL,3400,OKC@SAC 11/19/2018 10:00PM ET,OKC,11.45
PF/C,Mason Plumlee (11656599),Mason Plumlee,11656599,PF/C/F/UTIL,3300,DEN@MIL 11/19/2018 08:00PM ET,DEN,16.94
SG,Dwayne Bacon (11656603),Dwayne Bacon,11656603,SG/G/UTIL,3300,BOS@CHA 11/19/2018 07:00PM ET,CHA,10.54
C,Aron Baynes (11656606),Aron Baynes,11656606,C/UTIL,3300,BOS@CHA 11/19/2018 07:00PM ET,BOS,14.42
PG,Andrew Harrison (11656608),Andrew Harrison,11656608,PG/G/UTIL,3300,CLE@DET 11/19/2018 07:00PM ET,CLE,8.81
SG,Kevin Huerter (11656611),Kevin Huerter,11656611,SG/G/UTIL,3300,LAC@ATL 11/19/2018 07:30PM ET,ATL,13.52
SF,Alex Poythress (11656614),Alex Poythress,11656614,SF/F/UTIL,3300,LAC@ATL 11/19/2018 07:30PM ET,ATL,12.10
PF/C,Davis Bertans (11656617),Davis Bertans,11656617,PF/C/F/UTIL,3300,SA@NO 11/19/2018 08:00PM ET,SA,11.86
PF,Cheick Diallo (11656621),Cheick Diallo,11656621,PF/F/UTIL,3300,SA@NO 11/19/2018 08:00PM ET,NO,12.23
SG,Furkan Korkmaz (11656624),Furkan Korkmaz,11656624,SG/G/UTIL,3300,PHO@PHI 11/19/2018 07:00PM ET,PHI,9.02
PG/SG,Raymond Felton (11656627),Raymond Felton,11656627,PG/SG/G/UTIL,3300,OKC@SAC 11/19/2018 10:00PM ET,OKC,12.31
PG,Frank Mason III (11656631),Frank Mason III,11656631,PG/G/UTIL,3300,OKC@SAC 11/19/2018 10:00PM ET,SAC,14.62
SF,Justin Jackson (11656634),Justin Jackson,11656634,SF/F/UTIL,3300,OKC@SAC 11/19/2018 10:00PM ET,SAC,14.15
C,John Henson (11656637),John Henson,11656637,C/UTIL,3200,DEN@MIL 11/19/2018 08:00PM ET,MIL,16.02
PG/SG,Dante Exum (11656639),Dante Exum,11656639,PG/SG/G/UTIL,3200,UTA@IND 11/19/2018 07:00PM ET,UTA,14.08
PG,Aaron Holiday (11656643),Aaron Holiday,11656643,PG/G/UTIL,3200,UTA@IND 11/19/2018 07:00PM ET,IND,4.58
SG,Dillon Brooks (11656646),Dillon Brooks,11656646,SG/G/UTIL,3200,DAL@MEM 11/19/2018 08:00PM ET,MEM,12.89
SG,MarShon Brooks (11656649),MarShon Brooks,11656649,SG/G/UTIL,3200,DAL@MEM 11/19/2018 08:00PM ET,MEM,12.54
PF,Maxi Kleber (11656652),Maxi Kleber,11656652,PF/F/UTIL,3200,DAL@MEM 11/19/2018 08:00PM ET,DAL,15.63
PG/SG,Devin Harris (11656655),Devin Harris,11656655,PG/SG/G/UTIL,3200,DAL@MEM 11/19/2018 08:00PM ET,DAL,10.8
PF/C,Jon Leuer (11656659),Jon Leuer,11656659,PF/C/F/UTIL,3200,CLE@DET 11/19/2018 07:00PM ET,DET,7.2
C,Zaza Pachulia (11656663),Zaza Pachulia,11656663,C/UTIL,3200,CLE@DET 11/19/2018 07:00PM ET,DET,12.42
SG/SF,Kyle Korver (11656665),Kyle Korver,11656665,SG/SF/F/G/UTIL,3200,CLE@DET 11/19/2018 07:00PM ET,CLE,9.84
SG/SF,Vince Carter (11656670),Vince Carter,11656670,SG/SF/F/G/UTIL,3200,LAC@ATL 11/19/2018 07:30PM ET,ATL,14.08
C,Miles Plumlee (11656675),Miles Plumlee,11656675,C/UTIL,3200,LAC@ATL 11/19/2018 07:30PM ET,ATL,12.48
PG/SG,Ian Clark (11656677),Ian Clark,11656677,PG/SG/G/UTIL,3200,SA@NO 11/19/2018 08:00PM ET,NO,9.6
PF/C,Richaun Holmes (11656681),Richaun Holmes,11656681,PF/C/F/UTIL,3200,PHO@PHI 11/19/2018 07:00PM ET,PHO,9.95
PG,Landry Shamet (11656685),Landry Shamet,11656685,PG/G/UTIL,3200,PHO@PHI 11/19/2018 07:00PM ET,PHI,12.19
PG/SG,T.J. McConnell (11656688),T.J. McConnell,11656688,PG/SG/G/UTIL,3200,PHO@PHI 11/19/2018 07:00PM ET,PHI,11.56
SG/SF,Alex Abrines (11656692),Alex Abrines,11656692,SG/SF/F/G/UTIL,3200,OKC@SAC 11/19/2018 10:00PM ET,OKC,12.36
SG,Timothe Luwawu-Cabarrot (11656697),Timothe Luwawu-Cabarrot,11656697,SG/G/UTIL,3200,OKC@SAC 11/19/2018 10:00PM ET,OKC,2.47
SG,Troy Williams (11656700),Troy Williams,11656700,SG/G/UTIL,3200,OKC@SAC 11/19/2018 10:00PM ET,SAC,13.53
PG/SG,Yogi Ferrell (11656703),Yogi Ferrell,11656703,PG/SG/G/UTIL,3200,OKC@SAC 11/19/2018 10:00PM ET,SAC,10.82
SG,Donte DiVincenzo (11656707),Donte DiVincenzo,11656707,SG/G/UTIL,3100,DEN@MIL 11/19/2018 08:00PM ET,MIL,13.45
PF/C,Thon Maker (11656710),Thon Maker,11656710,PF/C/F/UTIL,3100,DEN@MIL 11/19/2018 08:00PM ET,MIL,13.21
SG/SF,Tony Snell (11656714),Tony Snell,11656714,SG/SF/F/G/UTIL,3100,DEN@MIL 11/19/2018 08:00PM ET,MIL,11.83
SG,Malik Beasley (11656719),Malik Beasley,11656719,SG/G/UTIL,3100,DEN@MIL 11/19/2018 08:00PM ET,DEN,11.30
SG,Alec Burks (11656722),Alec Burks,11656722,SG/G/UTIL,3100,UTA@IND 11/19/2018 07:00PM ET,UTA,12.67
SG,Wayne Selden Jr. (11656725),Wayne Selden Jr.,11656725,SG/G/UTIL,3100,DAL@MEM 11/19/2018 08:00PM ET,MEM,10.47
SF/PF,Omri Casspi (11656728),Omri Casspi,11656728,SF/PF/F/UTIL,3100,DAL@MEM 11/19/2018 08:00PM ET,MEM,11.61
SF/PF,Chandler Parsons (11656732),Chandler Parsons,11656732,SF/PF/F/UTIL,3100,DAL@MEM 11/19/2018 08:00PM ET,MEM,9.83
PG,Jalen Brunson (11656736),Jalen Brunson,11656736,PG/G/UTIL,3100,DAL@MEM 11/19/2018 08:00PM ET,DAL,9.05
SG/SF,Luke Kennard (11656739),Luke Kennard,11656739,SG/SF/F/G/UTIL,3100,CLE@DET 11/19/2018 07:00PM ET,DET,10.58
C,Ante Zizic (11656744),Ante Zizic,11656744,C/UTIL,3100,CLE@DET 11/19/2018 07:00PM ET,CLE,7.46
PG,Milos Teodosic (11656746),Milos Teodosic,11656746,PG/G/UTIL,3100,LAC@ATL 11/19/2018 07:30PM ET,LAC,9.43
C,Drew Eubanks (11656749),Drew Eubanks,11656749,C/UTIL,3100,SA@NO 11/19/2018 08:00PM ET,SA,2
C,Jakob Poeltl (11656751),Jakob Poeltl,11656751,C/UTIL,3100,SA@NO 11/19/2018 08:00PM ET,SA,10.18
SF/PF,Darius Miller (11656753),Darius Miller,11656753,SF/PF/F/UTIL,3100,SA@NO 11/19/2018 08:00PM ET,NO,10.19
PG/SG,Jamal Crawford (11656757),Jamal Crawford,11656757,PG/SG/G/UTIL,3100,PHO@PHI 11/19/2018 07:00PM ET,PHO,8.75
PF/C,Amir Johnson (11656761),Amir Johnson,11656761,PF/C/F/UTIL,3100,PHO@PHI 11/19/2018 07:00PM ET,PHI,11.24
SF,Terrance Ferguson (11656765),Terrance Ferguson,11656765,SF/F/UTIL,3100,OKC@SAC 11/19/2018 10:00PM ET,OKC,9.68
SG/SF,Andre Roberson (11656768),Andre Roberson,11656768,SG/SF/F/G/UTIL,3100,OKC@SAC 11/19/2018 10:00PM ET,OKC,0
PF,Abdel Nader (11656773),Abdel Nader,11656773,PF/F/UTIL,3100,OKC@SAC 11/19/2018 10:00PM ET,OKC,2.46
C,Kosta Koufos (11656776),Kosta Koufos,11656776,C/UTIL,3100,OKC@SAC 11/19/2018 10:00PM ET,SAC,14.93
SG,Jaylen Morris (11656778),Jaylen Morris,11656778,SG/G/UTIL,3000,DEN@MIL 11/19/2018 08:00PM ET,MIL,0.75
SG,Sterling Brown (11656781),Sterling Brown,11656781,SG/G/UTIL,3000,DEN@MIL 11/19/2018 08:00PM ET,MIL,4.57
C,Christian Wood (11656784),Christian Wood,11656784,C/UTIL,3000,DEN@MIL 11/19/2018 08:00PM ET,MIL,4.06
PF,D.J. Wilson (11656786),D.J. Wilson,11656786,PF/F/UTIL,3000,DEN@MIL 11/19/2018 08:00PM ET,MIL,0
PG/SG,Matthew Dellavedova (11656789),Matthew Dellavedova,11656789,PG/SG/G/UTIL,3000,DEN@MIL 11/19/2018 08:00PM ET,MIL,5.75
SG,Jodie Meeks (11656793),Jodie Meeks,11656793,SG/G/UTIL,3000,DEN@MIL 11/19/2018 08:00PM ET,MIL,0
PG,Trevon Duval (11656796),Trevon Duval,11656796,PG/G/UTIL,3000,DEN@MIL 11/19/2018 08:00PM ET,MIL,0
SG/SF,Torrey Craig (11656799),Torrey Craig,11656799,SG/SF/F/G/UTIL,3000,DEN@MIL 11/19/2018 08:00PM ET,DEN,9.56
PG,DeVaughn Akoon-Purcell (11656804),DeVaughn Akoon-Purcell,11656804,PG/G/UTIL,3000,DEN@MIL 11/19/2018 08:00PM ET,DEN,3.44
C,Thomas Welsh (11656807),Thomas Welsh,11656807,C/UTIL,3000,DEN@MIL 11/19/2018 08:00PM ET,DEN,2.75
PF,Tyler Lydon (11656809),Tyler Lydon,11656809,PF/F/UTIL,3000,DEN@MIL 11/19/2018 08:00PM ET,DEN,2.5
SF/PF,Michael Porter Jr. (11656812),Michael Porter Jr.,11656812,SF/PF/F/UTIL,3000,DEN@MIL 11/19/2018 08:00PM ET,DEN,0
SF/PF,Jarred Vanderbilt (11656816),Jarred Vanderbilt,11656816,SF/PF/F/UTIL,3000,DEN@MIL 11/19/2018 08:00PM ET,DEN,0
SG,Grayson Allen (11656820),Grayson Allen,11656820,SG/G/UTIL,3000,UTA@IND 11/19/2018 07:00PM ET,UTA,5.4
PG,Raul Neto (11656823),Raul Neto,11656823,PG/G/UTIL,3000,UTA@IND 11/19/2018 07:00PM ET,UTA,0
PF,Tyler Cavanaugh (11656826),Tyler Cavanaugh,11656826,PF/F/UTIL,3000,UTA@IND 11/19/2018 07:00PM ET,UTA,0
PG,Nazareth Mitrou-Long (11656829),Nazareth Mitrou-Long,11656829,PG/G/UTIL,3000,UTA@IND 11/19/2018 07:00PM ET,UTA,0
PF,Georges Niang (11656832),Georges Niang,11656832,PF/F/UTIL,3000,UTA@IND 11/19/2018 07:00PM ET,UTA,6.25
C,Tony Bradley (11656835),Tony Bradley,11656835,C/UTIL,3000,UTA@IND 11/19/2018 07:00PM ET,UTA,0
SF,Royce O'Neale (11656837),Royce O'Neale,11656837,SF/F/UTIL,3000,UTA@IND 11/19/2018 07:00PM ET,UTA,9.14
C,Ekpe Udoh (11656840),Ekpe Udoh,11656840,C/UTIL,3000,UTA@IND 11/19/2018 07:00PM ET,UTA,3.38
SF/PF,Thabo Sefolosha (11656842),Thabo Sefolosha,11656842,SF/PF/F/UTIL,3000,UTA@IND 11/19/2018 07:00PM ET,UTA,6
SF/PF,Doug McDermott (11656846),Doug McDermott,11656846,SF/PF/F/UTIL,3000,UTA@IND 11/19/2018 07:00PM ET,IND,8.73
PF/C,Kyle O'Quinn (11656850),Kyle O'Quinn,11656850,PF/C/F/UTIL,3000,UTA@IND 11/19/2018 07:00PM ET,IND,8.64
PG,Edmond Sumner (11656854),Edmond Sumner,11656854,PG/G/UTIL,3000,UTA@IND 11/19/2018 07:00PM ET,IND,1.25
PF/C,Ike Anigbogu (11656857),Ike Anigbogu,11656857,PF/C/F/UTIL,3000,UTA@IND 11/19/2018 07:00PM ET,IND,2.75
PF,TJ Leaf (11656861),TJ Leaf,11656861,PF/F/UTIL,3000,UTA@IND 11/19/2018 07:00PM ET,IND,4.03
PF,Alize Johnson (11656864),Alize Johnson,11656864,PF/F/UTIL,3000,UTA@IND 11/19/2018 07:00PM ET,IND,2.33
PG,Devonte' Graham (11656867),Devonte' Graham,11656867,PG/G/UTIL,3000,BOS@CHA 11/19/2018 07:00PM ET,CHA,5.17
PG,Joe Chealey (11656870),Joe Chealey,11656870,PG/G/UTIL,3000,BOS@CHA 11/19/2018 07:00PM ET,CHA,0
SG,J.P. Macura (11656873),J.P. Macura,11656873,SG/G/UTIL,3000,BOS@CHA 11/19/2018 07:00PM ET,CHA,0
PF/C,Frank Kaminsky (11656876),Frank Kaminsky,11656876,PF/C/F/UTIL,3000,BOS@CHA 11/19/2018 07:00PM ET,CHA,4.15
C,Bismack Biyombo (11656880),Bismack Biyombo,11656880,C/UTIL,3000,BOS@CHA 11/19/2018 07:00PM ET,CHA,7.22
PG/SG,Brad Wanamaker (11656882),Brad Wanamaker,11656882,PG/SG/G/UTIL,3000,BOS@CHA 11/19/2018 07:00PM ET,BOS,5.06
PG,Walt Lemon Jr. (11656886),Walt Lemon Jr.,11656886,PG/G/UTIL,3000,BOS@CHA 11/19/2018 07:00PM ET,BOS,0
SG,Jabari Bird (11656889),Jabari Bird,11656889,SG/G/UTIL,3000,BOS@CHA 11/19/2018 07:00PM ET,BOS,0
PF,Semi Ojeleye (11656892),Semi Ojeleye,11656892,PF/F/UTIL,3000,BOS@CHA 11/19/2018 07:00PM ET,BOS,4.52
PG,PJ Dozier (11656895),PJ Dozier,11656895,PG/G/UTIL,3000,BOS@CHA 11/19/2018 07:00PM ET,BOS,0
PF,Guerschon Yabusele (11656898),Guerschon Yabusele,11656898,PF/F/UTIL,3000,BOS@CHA 11/19/2018 07:00PM ET,BOS,4.69
C,Robert Williams (11656901),Robert Williams,11656901,C/UTIL,3000,BOS@CHA 11/19/2018 07:00PM ET,BOS,4.38
PF/C,Daniel Theis (11656903),Daniel Theis,11656903,PF/C/F/UTIL,3000,BOS@CHA 11/19/2018 07:00PM ET,BOS,9.56
PF,Ivan Rabb (11656907),Ivan Rabb,11656907,PF/F/UTIL,3000,DAL@MEM 11/19/2018 08:00PM ET,MEM,6.12
PG/SG,Yuta Watanabe (11656910),Yuta Watanabe,11656910,PG/SG/G/UTIL,3000,DAL@MEM 11/19/2018 08:00PM ET,MEM,4.25
PG,Jevon Carter (11656914),Jevon Carter,11656914,PG/G/UTIL,3000,DAL@MEM 11/19/2018 08:00PM ET,MEM,0
SF,D.J. Stephens (11656917),D.J. Stephens,11656917,SF/F/UTIL,3000,DAL@MEM 11/19/2018 08:00PM ET,MEM,0
PF,Ray Spalding (11656920),Ray Spalding,11656920,PF/F/UTIL,3000,DAL@MEM 11/19/2018 08:00PM ET,DAL,0
SF,Kostas Antetokounmpo (11656923),Kostas Antetokounmpo,11656923,SF/F/UTIL,3000,DAL@MEM 11/19/2018 08:00PM ET,DAL,0
C,Salah Mejri (11656926),Salah Mejri,11656926,C/UTIL,3000,DAL@MEM 11/19/2018 08:00PM ET,DAL,3.5
SG/SF,Ryan Broekhoff (11656928),Ryan Broekhoff,11656928,SG/SF/F/G/UTIL,3000,DAL@MEM 11/19/2018 08:00PM ET,DAL,2.92
PG,Daryl Macon (11656933),Daryl Macon,11656933,PG/G/UTIL,3000,DAL@MEM 11/19/2018 08:00PM ET,DAL,0
SG,Bruce Brown Jr. (11656936),Bruce Brown Jr.,11656936,SG/G/UTIL,3000,CLE@DET 11/19/2018 07:00PM ET,DET,6.75
SG,Khyri Thomas (11656939),Khyri Thomas,11656939,SG/G/UTIL,3000,CLE@DET 11/19/2018 07:00PM ET,DET,3
PF,Henry Ellenson (11656942),Henry Ellenson,11656942,PF/F/UTIL,3000,CLE@DET 11/19/2018 07:00PM ET,DET,11.25
PG,Keenan Evans (11656945),Keenan Evans,11656945,PG/G/UTIL,3000,CLE@DET 11/19/2018 07:00PM ET,DET,0
PG,Zach Lofton (11656948),Zach Lofton,11656948,PG/G/UTIL,3000,CLE@DET 11/19/2018 07:00PM ET,DET,1.5
PG,Jose Calderon (11656951),Jose Calderon,11656951,PG/G/UTIL,3000,CLE@DET 11/19/2018 07:00PM ET,DET,6.28
PF/C,Channing Frye (11656954),Channing Frye,11656954,PF/C/F/UTIL,3000,CLE@DET 11/19/2018 07:00PM ET,CLE,7.92
PF,Billy Preston (11656958),Billy Preston,11656958,PF/F/UTIL,3000,CLE@DET 11/19/2018 07:00PM ET,CLE,0
SF/PF,Luc Richard Mbah a Moute (11656961),Luc Richard Mbah a Moute,11656961,SF/PF/F/UTIL,3000,LAC@ATL 11/19/2018 07:30PM ET,LAC,8.94
C,Angel Delgado (11656965),Angel Delgado,11656965,C/UTIL,3000,LAC@ATL 11/19/2018 07:30PM ET,LAC,0
SF,Johnathan Motley (11656967),Johnathan Motley,11656967,SF/F/UTIL,3000,LAC@ATL 11/19/2018 07:30PM ET,LAC,0
SG,Sindarius Thornwell (11656970),Sindarius Thornwell,11656970,SG/G/UTIL,3000,LAC@ATL 11/19/2018 07:30PM ET,LAC,4.5
PG/SG,Tyrone Wallace (11656973),Tyrone Wallace,11656973,PG/SG/G/UTIL,3000,LAC@ATL 11/19/2018 07:30PM ET,LAC,5.97
SG,Jerome Robinson (11656977),Jerome Robinson,11656977,SG/G/UTIL,3000,LAC@ATL 11/19/2018 07:30PM ET,LAC,4.32
SF/PF,Justin Anderson (11656980),Justin Anderson,11656980,SF/PF/F/UTIL,3000,LAC@ATL 11/19/2018 07:30PM ET,ATL,0
SG,Daniel Hamilton (11656984),Daniel Hamilton,11656984,SG/G/UTIL,3000,LAC@ATL 11/19/2018 07:30PM ET,ATL,0.5
PG,Jaylen Adams (11656987),Jaylen Adams,11656987,PG/G/UTIL,3000,LAC@ATL 11/19/2018 07:30PM ET,ATL,2.38
PG,Tyler Dorsey (11656990),Tyler Dorsey,11656990,PG/G/UTIL,3000,LAC@ATL 11/19/2018 07:30PM ET,ATL,7.03
PF,Chimezie Metu (11656993),Chimezie Metu,11656993,PF/F/UTIL,3000,SA@NO 11/19/2018 08:00PM ET,SA,3.81
PG,Dejounte Murray (11656996),Dejounte Murray,11656996,PG/G/UTIL,3000,SA@NO 11/19/2018 08:00PM ET,SA,0
SF,Quincy Pondexter (11656999),Quincy Pondexter,11656999,SF/F/UTIL,3000,SA@NO 11/19/2018 08:00PM ET,SA,5.34
SG,Lonnie Walker IV (11657002),Lonnie Walker IV,11657002,SG/G/UTIL,3000,SA@NO 11/19/2018 08:00PM ET,SA,0
SF/PF,Solomon Hill (11657005),Solomon Hill,11657005,SF/PF/F/UTIL,3000,SA@NO 11/19/2018 08:00PM ET,NO,10.16
PG/SG,Tim Frazier (11657009),Tim Frazier,11657009,PG/SG/G/UTIL,3000,SA@NO 11/19/2018 08:00PM ET,NO,7.89
PG,Frank Jackson (11657013),Frank Jackson,11657013,PG/G/UTIL,3000,SA@NO 11/19/2018 08:00PM ET,NO,6.25
PG,Trevon Bluiett (11657016),Trevon Bluiett,11657016,PG/G/UTIL,3000,SA@NO 11/19/2018 08:00PM ET,NO,0
SF,Kenrich Williams (11657019),Kenrich Williams,11657019,SF/F/UTIL,3000,SA@NO 11/19/2018 08:00PM ET,NO,2.25
C,Jahlil Okafor (11657022),Jahlil Okafor,11657022,C/UTIL,3000,SA@NO 11/19/2018 08:00PM ET,NO,7.29
PG,Elie Okobo (11657024),Elie Okobo,11657024,PG/G/UTIL,3000,PHO@PHI 11/19/2018 07:00PM ET,PHO,11.77
PF/C,Ryan Anderson (11657027),Ryan Anderson,11657027,PF/C/F/UTIL,3000,PHO@PHI 11/19/2018 07:00PM ET,PHO,11.21
SG,Troy Daniels (11657031),Troy Daniels,11657031,SG/G/UTIL,3000,PHO@PHI 11/19/2018 07:00PM ET,PHO,8.25
SF,George King (11657034),George King,11657034,SF/F/UTIL,3000,PHO@PHI 11/19/2018 07:00PM ET,PHO,0
PF,Dragan Bender (11657037),Dragan Bender,11657037,PF/F/UTIL,3000,PHO@PHI 11/19/2018 07:00PM ET,PHO,2.17
SG,De'Anthony Melton (11657040),De'Anthony Melton,11657040,SG/G/UTIL,3000,PHO@PHI 11/19/2018 07:00PM ET,PHO,8
PF,Jonah Bolden (11657043),Jonah Bolden,11657043,PF/F/UTIL,3000,PHO@PHI 11/19/2018 07:00PM ET,PHI,5.29
PG,Shake Milton (11657046),Shake Milton,11657046,PG/G/UTIL,3000,PHO@PHI 11/19/2018 07:00PM ET,PHI,0
C,Justin Patton (11657049),Justin Patton,11657049,C/UTIL,3000,PHO@PHI 11/19/2018 07:00PM ET,PHI,0
PG,Demetrius Jackson (11657051),Demetrius Jackson,11657051,PG/G/UTIL,3000,PHO@PHI 11/19/2018 07:00PM ET,PHI,0
SF,Zhaire Smith (11657054),Zhaire Smith,11657054,SF/F/UTIL,3000,PHO@PHI 11/19/2018 07:00PM ET,PHI,0
PF/C,Patrick Patterson (11657057),Patrick Patterson,11657057,PF/C/F/UTIL,3000,OKC@SAC 11/19/2018 10:00PM ET,OKC,11.95
C,Tyler Davis (11657061),Tyler Davis,11657061,C/UTIL,3000,OKC@SAC 11/19/2018 10:00PM ET,OKC,0
SG,Deonte Burton (11657063),Deonte Burton,11657063,SG/G/UTIL,3000,OKC@SAC 11/19/2018 10:00PM ET,OKC,5.04
PF,Harry Giles (11657066),Harry Giles,11657066,PF/F/UTIL,3000,OKC@SAC 11/19/2018 10:00PM ET,SAC,9.88
SF,Wenyen Gabriel (11657069),Wenyen Gabriel,11657069,SF/F/UTIL,3000,OKC@SAC 11/19/2018 10:00PM ET,SAC,0
PF/C,Skal Labissiere (11657072),Skal Labissiere,11657072,PF/C/F/UTIL,3000,OKC@SAC 11/19/2018 10:00PM ET,SAC,5.42
PF/C,Zach Randolph (11657076),Zach Randolph,11657076,PF/C/F/UTIL,3000,OKC@SAC 11/19/2018 10:00PM ET,SAC,0
SG/SF,Ben McLemore (11657080),Ben McLemore,11657080,SG/SF/F/G/UTIL,3000,OKC@SAC 11/19/2018 10:00PM ET,SAC,3
